Rank,Company Name,Career Page URL,Verified
1,Amazon,https://www.amazon.jobs/en/,Yes
2,Walmart,https://careers.walmart.com/,Yes
3,UnitedHealth Group,https://careers.unitedhealthgroup.com/,Yes
4,Apple,https://www.apple.com/careers/,Yes
5,McKesson,https://careers.mckesson.com/,Yes
6,Alphabet,https://careers.google.com/,Yes
7,CVS Health,https://jobs.cvshealth.com/,Yes
8,Berkshire Hathaway,https://www.berkshirehathaway.com/careers.html,Yes
9,Exxon Mobil,https://www.exxonmobil.com/en/career/,Yes
10,Cencora,https://www.cencora.com/careers/,Yes
11,Microsoft,https://careers.microsoft.com/,Yes
12,Costco,https://www.costco.com/careers,Yes
13,Cigna,https://careers.cigna.com/,Yes
14,Cardinal Health,https://www.cardinalhealth.com/en/careers.html,Yes
15,Nvidia,https://www.nvidia.com/en-us/about-nvidia/careers/,Yes
16,Meta,https://www.metacareers.com/,Yes
17,Elevance Health,https://careers.elevancehealth.com/,Yes
18,Centene,https://careers.centene.com/,Yes
19,Chevron,https://jobs.chevron.com/,Yes
20,Ford Motor,https://www.ford.com/careers/,Yes
21,General Motors,https://www.gm.com/careers,Yes
22,JPMorgan Chase,https://www.jpmorganchase.com/careers,Yes
23,Home Depot,https://careers.homedepot.com/,Yes
24,Fannie Mae,https://careers.fanniemae.com/,Yes
25,Walgreens,https://www.walgreens.com/careers,Yes
26,Kroger,https://www.kroger.com/careers,Yes
27,Verizon,https://www.verizon.com/careers/,Yes
28,Marathon Petroleum,https://careers.marathonpetroleum.com/,Yes
29,StoneX,https://careers.stonex.com/,Yes
30,Phillips 66,https://careers.phillips66.com/,Yes
31,Humana,https://careers.humana.com/,Yes
32,AT&T,https://www.att.com/careers/,Yes
33,Comcast,https://jobs.comcast.com/,Yes
34,State Farm,https://careers.statefarm.com/,Yes
35,Valero Energy,https://careers.valero.com/,Yes
36,Freddie Mac,https://careers.freddiemac.com/,Yes
37,Dell Technologies,https://www.dell.com/en-us/careers,Yes
38,Bank of America,https://careers.bofa.com/,Yes
39,Bank of New York Mellon,https://www.bnymellon.com/en/us/careers/,Yes
40,Target,https://www.target.com/careers,Yes
41,Tesla,https://www.tesla.com/careers,Yes
42,Walt Disney,https://jobs.disneycareers.com/,Yes
43,Johnson & Johnson,https://www.jnj.com/careers,Yes
44,PepsiCo,https://www.pepsico.com/careers,Yes
45,Boeing,https://www.boeing.com/careers/,Yes
46,UPS,https://www.ups.com/upscareers,Yes
47,RTX,https://www.rtx.com/careers,Yes
48,FedEx,https://careers.fedex.com/,Yes
49,Progressive,https://jobs.progressive.com/,Yes
50,Lowe's,https://careers.lowes.com/,Yes
51,T-Mobile US,https://careers.t-mobile.com/,Yes
52,Albertsons,https://careers.albertsons.com/,Yes
53,Sysco,https://careers.sysco.com/,Yes
54,Exelon,https://careers.exeloncorp.com/,Yes
55,Duke Energy,https://careers.duke-energy.com/,Yes
56,American Electric Power,https://careers.aep.com/,Yes
57,Dominion Energy,https://careers.dominionenergy.com/,Yes
58,NextEra Energy,https://careers.nexteraenergy.com/,Yes
59,Citigroup,https://careers.citi.com/,Yes
60,Wells Fargo,https://careers.wellsfargo.com/,Yes
61,Goldman Sachs,https://www.goldmansachs.com/careers,Yes
62,Morgan Stanley,https://careers.morganstanley.com/,Yes
63,U.S. Bancorp,https://careers.usbank.com/,Yes
64,Procter & Gamble,https://www.pg.com/en-US/careers,Yes
65,Coca-Cola,https://careers.coca-colaworldwideholding.com/,Yes
66,American Express,https://careers.americanexpress.com/,Yes
67,Merck,https://careers.merck.com/,Yes
68,Pfizer,https://careers.pfizer.com/,Yes
69,Thermo Fisher Scientific,https://careers.thermofisher.com/,Yes
70,AbbVie,https://careers.abbvie.com/,Yes
71,Eli Lilly,https://careers.lilly.com/,Yes
72,Bristol Myers Squibb,https://careers.bms.com/,Yes
73,AstraZeneca,https://careers.astrazeneca.com/,Yes
74,Danaher,https://careers.danaher.com/,Yes
75,Caterpillar,https://careers.caterpillar.com/,Yes
76,Deere,https://www.deere.com/en/careers/,Yes
77,3M,https://careers.3m.com/,Yes
78,Eaton,https://careers.eaton.com/,Yes
79,Roper Technologies,https://careers.roper.com/,Yes
80,Ingersoll Rand,https://careers.ingersollrand.com/,Yes
81,SPX,https://careers.spx.com/,Yes
82,Dover,https://careers.dovercorp.com/,Yes
83,Parker Hannifin,https://careers.parkerhannifin.com/,Yes
84,Crane,https://careers.craneco.com/,Yes
85,Flowserve,https://careers.flowserve.com/,Yes
86,IDEX,https://careers.idexcorp.com/,Yes
87,Westinghouse,https://careers.westinghouse.com/,Yes
88,Whirlpool,https://careers.whirlpoolcorp.com/,Yes
89,Stanley Black & Decker,https://careers.sbdinc.com/,Yes
90,Snap-on,https://careers.snapon.com/,Yes
91,Zebra Technologies,https://careers.zebra.com/,Yes
92,Tech Data,https://careers.techdata.com/,Yes
93,Synnex,https://careers.synnex.com/,Yes
94,Arrow Electronics,https://careers.arrow.com/,Yes
95,Anixter,https://careers.anixter.com/,Yes
96,ScanSource,https://careers.scansource.com/,Yes
97,Wesco International,https://careers.wesco.com/,Yes
98,Heilind,https://careers.heilind.com/,Yes
99,WESCO,https://careers.wesco.com/,Yes
100,Anixter International,https://careers.anixter.com/,Yes
