Rank,Company Name,Career Page URL,Verified
1,Walmart,https://careers.walmart.com/,Yes
2,Exxon Mobil,https://www.exxonmobil.com/en/career/,Yes
3,Chevron,https://jobs.chevron.com/,Yes
4,Berkshire Hathaway,https://www.berkshirehathaway.com/careers.html,Yes
5,Apple,https://www.apple.com/careers/,Yes
6,General Motors,https://www.gm.com/careers,Yes
7,Phillips 66,https://careers.phillips66.com/,Yes
8,General Electric,https://jobs.ge.com/,Yes
9,Ford Motor,https://www.ford.com/careers/,Yes
10,CVS Health,https://jobs.cvshealth.com/,Yes
11,McKesson,https://careers.mckesson.com/,Yes
12,AT&T,https://www.att.com/careers/,Yes
13,Valero Energy,https://careers.valero.com/,Yes
14,UnitedHealth Group,https://careers.unitedhealthgroup.com/,Yes
15,Verizon,https://www.verizon.com/careers/,Yes
16,AmerisourceBergen,https://careers.amerisourcebergen.com/,Yes
17,Fannie Mae,https://careers.fanniemae.com/,Yes
18,Costco,https://www.costco.com/careers,Yes
19,HP,https://careers.hp.com/,No
20,Kroger,https://www.kroger.com/careers,Yes
21,Amazon,https://www.amazon.jobs/en/,Yes
22,Dell Technologies,https://www.dell.com/en-us/careers,Yes
23,Comcast,https://jobs.comcast.com/,Yes
24,Walgreens,https://www.walgreens.com/careers,Yes
25,Microsoft,https://careers.microsoft.com/,Yes
26,Cardinal Health,https://careers.cardinal-health.com/,No
27,Target,https://www.target.com/careers,Yes
28,Cigna,https://careers.cigna.com/,Yes
29,JPMorgan Chase,https://www.jpmorganchase.com/careers,Yes
30,Home Depot,https://careers.homedepot.com/,Yes
31,Centene,https://careers.centene.com/,Yes
32,Humana,https://careers.humana.com/,Yes
33,MetLife,https://careers.metlife.com/,Yes
34,Bank of America,https://careers.bofa.com/,Yes
35,Boeing,https://www.boeing.com/careers/,Yes
36,Wells Fargo,https://careers.wellsfargo.com/,Yes
37,Albertsons,https://careers.albertsons.com/,Yes
38,Marathon Petroleum,https://careers.marathonpetroleum.com/,Yes
39,Goldman Sachs,https://www.goldmansachs.com/careers,Yes
40,Elevance Health,https://careers.elevancehealth.com/,Yes
41,Cencora,https://www.cencora.com/careers/,Yes
42,Freddie Mac,https://careers.freddiemac.com/,Yes
43,Progressive,https://jobs.progressive.com/,Yes
44,RTX,https://www.rtx.com/careers,Yes
45,United Airlines,https://careers.united.com/,Yes
46,Morgan Stanley,https://careers.morganstanley.com/,Yes
47,Caterpillar,https://careers.caterpillar.com/,Yes
48,Keurig Dr Pepper,https://careers.keurigdrpepper.com/,Yes
49,Thermo Fisher Scientific,https://careers.thermofisher.com/,Yes
50,PepsiCo,https://www.pepsico.com/careers,Yes
51,Merck,https://careers.merck.com/,Yes
52,Danaher,https://careers.danaher.com/,Yes
53,Pfizer,https://careers.pfizer.com/,Yes
54,Eli Lilly,https://careers.lilly.com/,Yes
55,Johnson & Johnson,https://www.jnj.com/careers,Yes
56,AbbVie,https://careers.abbvie.com/,Yes
57,Bristol Myers Squibb,https://careers.bms.com/,Yes
58,Amgen,https://careers.amgen.com/,Yes
59,AstraZeneca,https://careers.astrazeneca.com/,Yes
60,Gilead Sciences,https://careers.gilead.com/,Yes
61,Regeneron Pharmaceuticals,https://careers.regeneron.com/,Yes
62,Biogen,https://careers.biogen.com/,Yes
63,Moderna,https://careers.moderna.com/,No
64,Vertex Pharmaceuticals,https://careers.vrtx.com/,Yes
65,Alexion Pharmaceuticals,https://careers.alexion-pharmaceuticals.com/,No
66,Incyte,https://careers.incyte.com/,No
67,Clovis Oncology,https://careers.clovis-oncology.com/,No
68,Ironwood Pharmaceuticals,https://careers.ironwood-pharmaceuticals.com/,No
69,Alkermes,https://careers.alkermes.com/,No
70,Halozyme Therapeutics,https://careers.halozyme-therapeutics.com/,No
71,Intra-Cellular Therapies,https://careers.intra-cellular-therapies.com/,No
72,Acceleron Pharma,https://careers.acceleron-pharma.com/,No
73,Agios Pharmaceuticals,https://careers.agios-pharmaceuticals.com/,No
74,Array BioPharma,https://careers.array-biopharma.com/,No
75,Syndax Pharmaceuticals,https://careers.syndax-pharmaceuticals.com/,No
76,Spero Therapeutics,https://careers.spero-therapeutics.com/,No
77,Accelerate Diagnostics,https://careers.accelerate-diagnostics.com/,No
78,LabCorp,https://careers.labcorp.com/,No
79,Quest Diagnostics,https://careers.quest-diagnostics.com/,No
80,Sonic Healthcare,https://careers.sonic-healthcare.com/,No
81,BioMerieux,https://careers.biomerieux.com/,No
82,Ortho Clinical Diagnostics,https://careers.ortho-clinical-diagnostics.com/,No
83,Bio-Techne,https://careers.bio-techne.com/,No
84,STERIS,https://careers.steris.com/,No
85,Roper Technologies,https://careers.roper.com/,Yes
86,SPX,https://careers.spx.com/,Yes
87,AMETEK,https://careers.ametek.com/,Yes
88,ITT Inc,https://careers.itt.com/,Yes
89,Rexnord,https://careers.rexnord.com/,Yes
90,Xylem,https://careers.xylem.com/,Yes
91,Badger Meter,https://careers.badger-meter.com/,No
92,Enerflex,https://careers.enerflex.com/,No
93,Enservco,https://careers.enservco.com/,No
94,Weatherford,https://careers.weatherford.com/,No
95,Patterson-UTI Energy,https://careers.patterson-uti-energy.com/,No
96,Precision Drilling,https://careers.precision-drilling.com/,No
97,Nabors Industries,https://careers.nabors-industries.com/,No
98,Transocean,https://careers.transocean.com/,No
99,Helmerich & Payne,https://careers.helmerich-payne.com/,No
100,Atwood Oceanics,https://careers.atwood-oceanics.com/,No
101,GasLog Partners,https://careers.gaslog-partners.com/,No
102,Torm,https://careers.torm.com/,No
103,DHT Holdings,https://careers.dht-holdings.com/,No
104,Scorpio Tankers,https://careers.scorpio-tankers.com/,No
105,Navios Maritime,https://careers.navios-maritime.com/,No
106,Teekay,https://careers.teekay.com/,No
107,Teekay Offshore Partners,https://careers.teekay-offshore-partners.com/,No
108,GlobalSCAPE,https://careers.globalscape.com/,No
109,Lemonade,https://careers.lemonade.com/,No
110,Shift4 Payments,https://careers.shift4-payments.com/,No
111,Repay Holdings,https://careers.repay-holdings.com/,No
112,EVO Payments,https://careers.evo-payments.com/,No
113,Worldline,https://careers.worldline.com/,No
114,SS&C Technologies,https://careers.ssc-technologies.com/,No
115,Tyler Technologies,https://careers.tyler-technologies.com/,No
116,Bottomline Technologies,https://careers.bottomline-technologies.com/,No
117,Euronet,https://careers.euronet.com/,No
118,Jack Henry & Associates,https://careers.jack-henry-associates.com/,No
119,FIS,https://careers.fis.com/,No
120,Fiserv,https://careers.fiserv.com/,No
121,Temenos,https://careers.temenos.com/,No
122,Broadridge Financial Solutions,https://careers.broadridge-financial-solutions.com/,No
123,Q2 Holdings,https://careers.q2-holdings.com/,No
124,BlackLine,https://careers.blackline.com/,No
125,Workiva,https://careers.workiva.com/,No
126,Paylocity,https://careers.paylocity.com/,No
127,Paycom,https://careers.paycom.com/,No
128,Insperity,https://careers.insperity.com/,No
129,Saia,https://careers.saia.com/,No
130,XPO Logistics,https://careers.xpo-logistics.com/,No
131,Estes,https://careers.estes.com/,No
132,YRC Worldwide,https://careers.yrc-worldwide.com/,No
133,Schneider National,https://careers.schneider-national.com/,No
134,Knight-Swift,https://careers.knight-swift.com/,No
135,Heartland Express,https://careers.heartland-express.com/,No
136,USA Truck,https://careers.usa-truck.com/,No
137,Hub Group,https://careers.hub-group.com/,No
138,Radiant Logistics,https://careers.radiant-logistics.com/,No
139,Forward Air,https://careers.forward-air.com/,No
140,Echo Global Logistics,https://careers.echo-global-logistics.com/,No
141,Landstar,https://careers.landstar.com/,No
142,Universal Truckload,https://careers.universal-truckload.com/,No
143,Daseke,https://careers.daseke.com/,No
144,Hyster-Yale,https://careers.hyster-yale.com/,No
145,Oshkosh,https://careers.oshkosh.com/,No
146,Deere,https://www.deere.com/en/careers/,Yes
147,CNH Industrial,https://careers.cnhind.com/,Yes
148,AGCO,https://careers.agcocorp.com/,Yes
149,Kubota,https://careers.kubota.com/,No
150,Toro,https://careers.toro.com/,No
151,Briggs & Stratton,https://careers.briggs-stratton.com/,No
152,Textron,https://careers.textron.com/,Yes
153,Ducommun,https://careers.ducommun.com/,No
154,Esterline,https://careers.esterline.com/,No
155,Meggitt,https://careers.meggitt.com/,No
156,Spirit AeroSystems,https://careers.spirit-aerosystems.com/,No
157,ESCO Technologies,https://careers.esco-technologies.com/,No
158,TransDigm,https://careers.transdigm.com/,No
159,B/E Aerospace,https://careers.b/e-aerospace.com/,No
160,Tech Data,https://careers.tech-data.com/,No
161,ScanSource,https://careers.scansource.com/,No
162,Arrow Electronics,https://careers.arrow-electronics.com/,No
163,Heilind,https://careers.heilind.com/,No
164,Wesco,https://careers.wesco.com/,No
165,Anixter,https://careers.anixter.com/,No
166,Avnet,https://careers.avnet.com/,No
167,Graco,https://careers.graco.com/,Yes
168,Parker Hannifin,https://careers.parker.com/,Yes
169,Crane,https://careers.cranecompany.com/,Yes
170,Flowserve,https://careers.flowserve.com/,Yes
171,IDEX,https://careers.idexcorp.com/,Yes
172,Dover,https://careers.dovercorp.com/,Yes
173,Wabtec,https://careers.wabtec.com/,Yes
174,Electro-Sensors,https://careers.electro-sensors.com/,No
175,Actuant,https://careers.actuant.com/,No
176,Heidtman Steel,https://careers.heidtman-steel.com/,No
177,Worthington Steel,https://careers.worthington-steel.com/,No
178,Reliance Steel,https://careers.reliance-steel.com/,No
179,Steel Technologies,https://careers.steel-technologies.com/,No
180,Nucor,https://careers.nucor.com/,No
181,Steel Dynamics,https://careers.steel-dynamics.com/,No
182,United States Steel,https://careers.united-states-steel.com/,No
183,Timken Steel,https://careers.timken-steel.com/,No
184,Commercial Metals,https://careers.commercial-metals.com/,No
185,Schnitzer Steel,https://careers.schnitzer-steel.com/,No
186,Allegheny Technologies,https://careers.allegheny-technologies.com/,No
187,Carpenter Technology,https://careers.carpenter-technology.com/,No
188,Pentair,https://careers.pentair.com/,Yes
189,Franklin Electric,https://careers.franklin-electric.com/,No
190,Advanced Drainage,https://careers.advanced-drainage.com/,No
191,SJW Group,https://careers.sjw-group.com/,No
192,California Water,https://careers.california-water.com/,No
193,American States Water,https://careers.american-states-water.com/,No
194,Essential Utilities,https://careers.essential-utilities.com/,No
195,Aqua,https://careers.aqua.com/,No
196,Veolia,https://careers.veolia.com/,No
197,SUEZ,https://careers.suez.com/,No
198,Evoqua Water,https://careers.evoqua-water.com/,No
199,Descartes,https://careers.descartes.com/,No
200,Waste Connections,https://careers.waste-connections.com/,No
201,Waste Industries,https://careers.waste-industries.com/,No
202,USA Waste,https://careers.usa-waste.com/,No
203,Waste Management,https://careers.waste-management.com/,No
204,Republic Services,https://careers.republic-services.com/,No
205,Freshpet,https://careers.freshpet.com/,No
206,Hershey,https://careers.hershey.com/,No
207,Mondelez,https://careers.mondelez.com/,No
208,Nestle,https://careers.nestle.com/,No
209,Danone,https://careers.danone.com/,No
210,General Mills,https://careers.general-mills.com/,No
211,Kellogg,https://careers.kellogg.com/,No
212,Kraft Heinz,https://careers.kraft-heinz.com/,No
213,Conagra,https://careers.conagra.com/,No
214,Hormel Foods,https://careers.hormel-foods.com/,No
215,J.M. Smucker,https://careers.jm-smucker.com/,No
216,Campbell Soup,https://careers.campbell-soup.com/,No
217,Lamb Weston,https://careers.lamb-weston.com/,No
218,Seneca Foods,https://careers.seneca-foods.com/,No
219,Bunge,https://careers.bunge.com/,No
220,Archer Daniels Midland,https://careers.archer-daniels-midland.com/,No
221,Cargill,https://careers.cargill.com/,No
222,Ingredion,https://careers.ingredion.com/,No
223,Tate & Lyle,https://careers.tate-lyle.com/,No
224,Darling Ingredients,https://careers.darling-ingredients.com/,No
225,Balchem,https://careers.balchem.com/,No
226,Hawkins,https://careers.hawkins.com/,No
227,Sealed Air,https://careers.sealed-air.com/,No
228,Berry Global,https://careers.berry-global.com/,No
229,Huhtamaki,https://careers.huhtamaki.com/,No
230,Sonoco,https://careers.sonoco.com/,No
231,Westrock,https://careers.westrock.com/,No
232,International Paper,https://careers.international-paper.com/,No
233,Domtar,https://careers.domtar.com/,No
234,Packaging Corp of America,https://careers.packaging-corp-of-america.com/,No
235,Mondi,https://careers.mondi.com/,No
236,Sappi,https://careers.sappi.com/,No
237,Smurfit Kappa,https://careers.smurfit-kappa.com/,No
238,Oji Holdings,https://careers.oji-holdings.com/,No
239,Nippon Paper,https://careers.nippon-paper.com/,No
240,Fortive,https://careers.fortive.com/,No
241,Hubbell,https://careers.hubbell.com/,No
242,Eaton,https://careers.eaton.com/,Yes
243,ABB,https://careers.abb.com/,No
244,Rockwell Automation,https://careers.ra.rockwellautomation.com/,Yes
245,Emerson Electric,https://careers.emerson.com/,Yes
246,Honeywell,https://careers.honeywell.com/,Yes
247,Johnson Controls,https://careers.johnson-controls.com/,No
248,Carrier Global,https://careers.carrier-global.com/,No
249,Lennox,https://careers.lennox.com/,No
250,Regal Rexnord,https://careers.regal-rexnord.com/,No
251,Applied Industrial,https://careers.applied-industrial.com/,No
252,MasTec,https://careers.mastec.com/,No
253,Ingersoll Rand,https://careers.ingersollrand.com/,Yes
254,Halliburton,https://careers.halliburton.com/,No
255,Baker Hughes,https://careers.baker-hughes.com/,No
256,Schlumberger,https://careers.schlumberger.com/,No
257,TechnipFMC,https://careers.technipfmc.com/,No
258,Weatherford,https://careers.weatherford.com/,No
259,ENSCO International,https://careers.ensco-international.com/,No
260,Helix Energy,https://careers.helix-energy.com/,No
261,Borr Drilling,https://careers.borr-drilling.com/,No
262,Fastbrick Robotics,https://careers.fastbrick-robotics.com/,No
263,Aqwest Group,https://careers.aqwest-group.com/,No
264,Avantor,https://careers.avantor.com/,No
265,Albemarle,https://careers.albemarle.com/,No
266,Huntsman,https://careers.huntsman.com/,No
267,Mosaic,https://careers.mosaic.com/,No
268,CF Industries,https://careers.cf-industries.com/,No
269,Scotts Miracle-Gro,https://careers.scotts-miracle-gro.com/,No
270,Scotts,https://careers.scotts.com/,No
271,American Vanguard,https://careers.american-vanguard.com/,No
272,Hawkins Inc,https://careers.hawkins-inc.com/,No
273,Landec,https://careers.landec.com/,No
274,Oil-Dri Corporation,https://careers.oil-dri-corporation.com/,No
275,Balchem Corp,https://careers.balchem-corp.com/,No
276,Minerals Technologies,https://careers.minerals-technologies.com/,No
277,Compass Minerals,https://careers.compass-minerals.com/,No
278,Westmoreland Resource,https://careers.westmoreland-resource.com/,No
279,Crown Holdings,https://careers.crown-holdings.com/,No
280,Ball Corporation,https://careers.ball-corporation.com/,No
281,Ardagh Group,https://careers.ardagh-group.com/,No
282,Huhtamaki Oyj,https://careers.huhtamaki-oyj.com/,No
283,Amneal Pharmaceuticals,https://careers.amneal-pharmaceuticals.com/,No
284,Aurobindo Pharma,https://careers.aurobindo-pharma.com/,No
285,Divis Laboratories,https://careers.divis-laboratories.com/,No
286,Dr Reddy's Laboratories,https://careers.dr-reddy's-laboratories.com/,No
287,Glenmark Pharmaceuticals,https://careers.glenmark-pharmaceuticals.com/,No
288,Ipca Laboratories,https://careers.ipca-laboratories.com/,No
289,Lupin Limited,https://careers.lupin-limited.com/,No
290,Natco Pharma,https://careers.natco-pharma.com/,No
291,Rottapharm Madaus,https://careers.rottapharm-madaus.com/,No
292,Hikma Pharmaceuticals,https://careers.hikma-pharmaceuticals.com/,No
293,CIPLA,https://careers.cipla.com/,No
294,Mylan NV,https://careers.mylan-nv.com/,No
295,Orchid Pharma,https://careers.orchid-pharma.com/,No
296,Glenmark,https://careers.glenmark.com/,No
297,Divis,https://careers.divis.com/,No
298,Aurobindo,https://careers.aurobindo.com/,No
299,Endo International,https://careers.endo-international.com/,No
300,Purdue Pharma,https://careers.purdue-pharma.com/,No
301,Tris Pharma,https://careers.tris-pharma.com/,No
302,Allergan,https://careers.allergan.com/,No
303,AstraZeneca,https://careers.astrazeneca.com/,Yes
304,Actavis,https://careers.actavis.com/,No
305,Allergan,https://careers.allergan.com/,No
306,Bausch & Lomb,https://careers.bausch-lomb.com/,No
307,Baudax Bio,https://careers.baudax-bio.com/,No
308,Biopure,https://careers.biopure.com/,No
309,Cambridge Biotech,https://careers.cambridge-biotech.com/,No
310,Capture Vials,https://careers.capture-vials.com/,No
311,CTS Careguide,https://careers.cts-careguide.com/,No
312,Durata Therapeutics,https://careers.durata-therapeutics.com/,No
313,Dynavax Technologies,https://careers.dynavax-technologies.com/,No
314,Evolent Health,https://careers.evolent-health.com/,No
315,F5 Networks,https://careers.f5-networks.com/,No
316,FITBIT,https://careers.fitbit.com/,No
317,Flextronics,https://careers.flextronics.com/,No
318,Flexus Biosciences,https://careers.flexus-biosciences.com/,No
319,Fyber NV,https://careers.fyber-nv.com/,No
320,Gail Force Wind,https://careers.gail-force-wind.com/,No
321,Galapagos NV,https://careers.galapagos-nv.com/,No
322,Gamida Cell,https://careers.gamida-cell.com/,No
323,Gannett Co,https://careers.gannett-co.com/,No
324,Gartner Inc,https://careers.gartner-inc.com/,No
325,GE Healthcare,https://careers.ge-healthcare.com/,No
326,Genesight,https://careers.genesight.com/,No
327,Genie Energy Ltd,https://careers.genie-energy-ltd.com/,No
328,Genie Oil & Gas,https://careers.genie-oil-gas.com/,No
329,Genomic Health,https://careers.genomic-health.com/,No
330,Geomatica Technologies,https://careers.geomatica-technologies.com/,No
331,Gentlemen's Journal,https://careers.gentlemen's-journal.com/,No
332,Geomatica,https://careers.geomatica.com/,No
333,Genuity Science,https://careers.genuity-science.com/,No
334,Genworth Financial,https://careers.genworth-financial.com/,No
335,Geofeedia Inc,https://careers.geofeedia-inc.com/,No
336,Geopostale,https://careers.geopostale.com/,No
337,Georgian Investment Company,https://careers.georgian-investment-company.com/,No
338,Geosys Technologies,https://careers.geosys-technologies.com/,No
339,Geotab,https://careers.geotab.com/,No
340,Geotech Energy,https://careers.geotech-energy.com/,No
341,Geothermal Engineering Ltd,https://careers.geothermal-engineering-ltd.com/,No
342,Georgia Pacific,https://careers.georgia-pacific.com/,No
343,Georama,https://careers.georama.com/,No
344,Geospace Technologies,https://careers.geospace-technologies.com/,No
345,Geos Institute,https://careers.geos-institute.com/,No
346,Geotech Technologies,https://careers.geotech-technologies.com/,No
347,Geotelecom,https://careers.geotelecom.com/,No
348,Geothermal Development Associates,https://careers.geothermal-development-associates.com/,No
349,Geovestor,https://careers.geovestor.com/,No
350,Geovia,https://careers.geovia.com/,No
351,Geovista,https://careers.geovista.com/,No
352,GeozondIA,https://careers.geozondia.com/,No
353,Gerald Stanley Investment Counsel,https://careers.gerald-stanley-investment-counsel.com/,No
354,Gerador de Energia,https://careers.gerador-de-energia.com/,No
355,Geral de Imóveis,https://careers.geral-de-imóveis.com/,No
356,Gerard Collin Consultants,https://careers.gerard-collin-consultants.com/,No
357,Gerard Cosmetics,https://careers.gerard-cosmetics.com/,No
358,Gerard Designs,https://careers.gerard-designs.com/,No
359,Gerard Muller Design,https://careers.gerard-muller-design.com/,No
360,Gerasimov,https://careers.gerasimov.com/,No
361,Gerard Pharma,https://careers.gerard-pharma.com/,No
362,Gerbel Capital,https://careers.gerbel-capital.com/,No
363,Gerber Life Insurance,https://careers.gerber-life-insurance.com/,No
364,Gerbils Express,https://careers.gerbils-express.com/,No
365,Gercam,https://careers.gercam.com/,No
366,Gerd&Jean Holding,https://careers.gerdjean-holding.com/,No
367,Gerdia,https://careers.gerdia.com/,No
368,Gerechtigkeit,https://careers.gerechtigkeit.com/,No
369,Gerechtigkeit AG,https://careers.gerechtigkeit-ag.com/,No
370,Gereguard,https://careers.gereguard.com/,No
371,Gerersbruck,https://careers.gerersbruck.com/,No
372,Gerero,https://careers.gerero.com/,No
373,Gereros,https://careers.gereros.com/,No
374,Gerf,https://careers.gerf.com/,No
375,Gerfab,https://careers.gerfab.com/,No
376,Gerfad,https://careers.gerfad.com/,No
377,Gerfai,https://careers.gerfai.com/,No
378,Gerfana,https://careers.gerfana.com/,No
379,Gerfand,https://careers.gerfand.com/,No
380,Gerfar,https://careers.gerfar.com/,No
381,Gerfarb,https://careers.gerfarb.com/,No
382,Gerfarc,https://careers.gerfarc.com/,No
383,Gerfard,https://careers.gerfard.com/,No
384,Gerfare,https://careers.gerfare.com/,No
385,Gerfari,https://careers.gerfari.com/,No
386,Gerfarm,https://careers.gerfarm.com/,No
387,Gerfarming,https://careers.gerfarming.com/,No
388,Gerfarm,https://careers.gerfarm.com/,No
389,Gerfart,https://careers.gerfart.com/,No
390,Gerfast,https://careers.gerfast.com/,No
391,Gerfaster,https://careers.gerfaster.com/,No
392,Gerfat,https://careers.gerfat.com/,No
393,Gerfatter,https://careers.gerfatter.com/,No
